audio,label
KsponSpeech_000001.pcm,KsponSpeech_label_000001.txt
KsponSpeech_000002.pcm,KsponSpeech_label_000002.txt
KsponSpeech_000003.pcm,KsponSpeech_label_000003.txt
KsponSpeech_000004.pcm,KsponSpeech_label_000004.txt
KsponSpeech_000005.pcm,KsponSpeech_label_000005.txt
KsponSpeech_000006.pcm,KsponSpeech_label_000006.txt
KsponSpeech_000007.pcm,KsponSpeech_label_000007.txt
KsponSpeech_000008.pcm,KsponSpeech_label_000008.txt
KsponSpeech_000009.pcm,KsponSpeech_label_000009.txt
KsponSpeech_000010.pcm,KsponSpeech_label_000010.txt
KsponSpeech_000011.pcm,KsponSpeech_label_000011.txt
KsponSpeech_000012.pcm,KsponSpeech_label_000012.txt
KsponSpeech_000013.pcm,KsponSpeech_label_000013.txt
KsponSpeech_000014.pcm,KsponSpeech_label_000014.txt
KsponSpeech_000015.pcm,KsponSpeech_label_000015.txt
KsponSpeech_000016.pcm,KsponSpeech_label_000016.txt
KsponSpeech_000017.pcm,KsponSpeech_label_000017.txt
KsponSpeech_000018.pcm,KsponSpeech_label_000018.txt
KsponSpeech_000019.pcm,KsponSpeech_label_000019.txt
KsponSpeech_000020.pcm,KsponSpeech_label_000020.txt
KsponSpeech_000021.pcm,KsponSpeech_label_000021.txt
KsponSpeech_000022.pcm,KsponSpeech_label_000022.txt
KsponSpeech_000023.pcm,KsponSpeech_label_000023.txt
KsponSpeech_000024.pcm,KsponSpeech_label_000024.txt
KsponSpeech_000025.pcm,KsponSpeech_label_000025.txt
KsponSpeech_000026.pcm,KsponSpeech_label_000026.txt
KsponSpeech_000027.pcm,KsponSpeech_label_000027.txt
KsponSpeech_000028.pcm,KsponSpeech_label_000028.txt
KsponSpeech_000029.pcm,KsponSpeech_label_000029.txt
KsponSpeech_000030.pcm,KsponSpeech_label_000030.txt
KsponSpeech_000031.pcm,KsponSpeech_label_000031.txt
KsponSpeech_000032.pcm,KsponSpeech_label_000032.txt
KsponSpeech_000033.pcm,KsponSpeech_label_000033.txt
KsponSpeech_000034.pcm,KsponSpeech_label_000034.txt
KsponSpeech_000035.pcm,KsponSpeech_label_000035.txt
KsponSpeech_000036.pcm,KsponSpeech_label_000036.txt
KsponSpeech_000037.pcm,KsponSpeech_label_000037.txt
KsponSpeech_000038.pcm,KsponSpeech_label_000038.txt
KsponSpeech_000039.pcm,KsponSpeech_label_000039.txt
KsponSpeech_000040.pcm,KsponSpeech_label_000040.txt
KsponSpeech_000041.pcm,KsponSpeech_label_000041.txt
KsponSpeech_000042.pcm,KsponSpeech_label_000042.txt
KsponSpeech_000043.pcm,KsponSpeech_label_000043.txt
KsponSpeech_000044.pcm,KsponSpeech_label_000044.txt
KsponSpeech_000045.pcm,KsponSpeech_label_000045.txt
KsponSpeech_000046.pcm,KsponSpeech_label_000046.txt
KsponSpeech_000047.pcm,KsponSpeech_label_000047.txt
KsponSpeech_000048.pcm,KsponSpeech_label_000048.txt
KsponSpeech_000049.pcm,KsponSpeech_label_000049.txt
KsponSpeech_000050.pcm,KsponSpeech_label_000050.txt
KsponSpeech_000051.pcm,KsponSpeech_label_000051.txt
KsponSpeech_000052.pcm,KsponSpeech_label_000052.txt
KsponSpeech_000053.pcm,KsponSpeech_label_000053.txt
KsponSpeech_000054.pcm,KsponSpeech_label_000054.txt
KsponSpeech_000055.pcm,KsponSpeech_label_000055.txt
KsponSpeech_000056.pcm,KsponSpeech_label_000056.txt
KsponSpeech_000057.pcm,KsponSpeech_label_000057.txt
KsponSpeech_000058.pcm,KsponSpeech_label_000058.txt
KsponSpeech_000059.pcm,KsponSpeech_label_000059.txt
KsponSpeech_000060.pcm,KsponSpeech_label_000060.txt
KsponSpeech_000061.pcm,KsponSpeech_label_000061.txt
KsponSpeech_000062.pcm,KsponSpeech_label_000062.txt
KsponSpeech_000063.pcm,KsponSpeech_label_000063.txt
KsponSpeech_000064.pcm,KsponSpeech_label_000064.txt
KsponSpeech_000065.pcm,KsponSpeech_label_000065.txt
KsponSpeech_000066.pcm,KsponSpeech_label_000066.txt
KsponSpeech_000067.pcm,KsponSpeech_label_000067.txt
KsponSpeech_000068.pcm,KsponSpeech_label_000068.txt
KsponSpeech_000069.pcm,KsponSpeech_label_000069.txt
KsponSpeech_000070.pcm,KsponSpeech_label_000070.txt
KsponSpeech_000071.pcm,KsponSpeech_label_000071.txt
KsponSpeech_000072.pcm,KsponSpeech_label_000072.txt
KsponSpeech_000073.pcm,KsponSpeech_label_000073.txt
KsponSpeech_000074.pcm,KsponSpeech_label_000074.txt
KsponSpeech_000075.pcm,KsponSpeech_label_000075.txt
KsponSpeech_000076.pcm,KsponSpeech_label_000076.txt
KsponSpeech_000077.pcm,KsponSpeech_label_000077.txt
KsponSpeech_000078.pcm,KsponSpeech_label_000078.txt
KsponSpeech_000079.pcm,KsponSpeech_label_000079.txt
KsponSpeech_000080.pcm,KsponSpeech_label_000080.txt
KsponSpeech_000081.pcm,KsponSpeech_label_000081.txt
KsponSpeech_000082.pcm,KsponSpeech_label_000082.txt
KsponSpeech_000083.pcm,KsponSpeech_label_000083.txt
KsponSpeech_000084.pcm,KsponSpeech_label_000084.txt
KsponSpeech_000085.pcm,KsponSpeech_label_000085.txt
KsponSpeech_000086.pcm,KsponSpeech_label_000086.txt
KsponSpeech_000087.pcm,KsponSpeech_label_000087.txt
KsponSpeech_000088.pcm,KsponSpeech_label_000088.txt
KsponSpeech_000089.pcm,KsponSpeech_label_000089.txt
KsponSpeech_000090.pcm,KsponSpeech_label_000090.txt
KsponSpeech_000091.pcm,KsponSpeech_label_000091.txt
KsponSpeech_000092.pcm,KsponSpeech_label_000092.txt
KsponSpeech_000093.pcm,KsponSpeech_label_000093.txt
KsponSpeech_000094.pcm,KsponSpeech_label_000094.txt
KsponSpeech_000095.pcm,KsponSpeech_label_000095.txt
KsponSpeech_000096.pcm,KsponSpeech_label_000096.txt
KsponSpeech_000097.pcm,KsponSpeech_label_000097.txt
KsponSpeech_000098.pcm,KsponSpeech_label_000098.txt
KsponSpeech_000099.pcm,KsponSpeech_label_000099.txt
KsponSpeech_000100.pcm,KsponSpeech_label_000100.txt
KsponSpeech_000101.pcm,KsponSpeech_label_000101.txt
KsponSpeech_000102.pcm,KsponSpeech_label_000102.txt
KsponSpeech_000103.pcm,KsponSpeech_label_000103.txt
KsponSpeech_000104.pcm,KsponSpeech_label_000104.txt
KsponSpeech_000105.pcm,KsponSpeech_label_000105.txt
KsponSpeech_000106.pcm,KsponSpeech_label_000106.txt
KsponSpeech_000107.pcm,KsponSpeech_label_000107.txt
KsponSpeech_000108.pcm,KsponSpeech_label_000108.txt
KsponSpeech_000109.pcm,KsponSpeech_label_000109.txt
KsponSpeech_000110.pcm,KsponSpeech_label_000110.txt
KsponSpeech_000111.pcm,KsponSpeech_label_000111.txt
KsponSpeech_000112.pcm,KsponSpeech_label_000112.txt
KsponSpeech_000113.pcm,KsponSpeech_label_000113.txt
KsponSpeech_000114.pcm,KsponSpeech_label_000114.txt
KsponSpeech_000115.pcm,KsponSpeech_label_000115.txt
KsponSpeech_000116.pcm,KsponSpeech_label_000116.txt
KsponSpeech_000117.pcm,KsponSpeech_label_000117.txt
KsponSpeech_000118.pcm,KsponSpeech_label_000118.txt
KsponSpeech_000119.pcm,KsponSpeech_label_000119.txt
KsponSpeech_000120.pcm,KsponSpeech_label_000120.txt
KsponSpeech_000121.pcm,KsponSpeech_label_000121.txt
KsponSpeech_000122.pcm,KsponSpeech_label_000122.txt
KsponSpeech_000123.pcm,KsponSpeech_label_000123.txt
KsponSpeech_000124.pcm,KsponSpeech_label_000124.txt
KsponSpeech_000125.pcm,KsponSpeech_label_000125.txt
KsponSpeech_000126.pcm,KsponSpeech_label_000126.txt
KsponSpeech_000127.pcm,KsponSpeech_label_000127.txt
KsponSpeech_000128.pcm,KsponSpeech_label_000128.txt
KsponSpeech_000129.pcm,KsponSpeech_label_000129.txt
KsponSpeech_000130.pcm,KsponSpeech_label_000130.txt
KsponSpeech_000131.pcm,KsponSpeech_label_000131.txt
KsponSpeech_000132.pcm,KsponSpeech_label_000132.txt
KsponSpeech_000133.pcm,KsponSpeech_label_000133.txt
KsponSpeech_000134.pcm,KsponSpeech_label_000134.txt
KsponSpeech_000135.pcm,KsponSpeech_label_000135.txt
KsponSpeech_000136.pcm,KsponSpeech_label_000136.txt
KsponSpeech_000137.pcm,KsponSpeech_label_000137.txt
KsponSpeech_000138.pcm,KsponSpeech_label_000138.txt
KsponSpeech_000139.pcm,KsponSpeech_label_000139.txt
KsponSpeech_000140.pcm,KsponSpeech_label_000140.txt
KsponSpeech_000141.pcm,KsponSpeech_label_000141.txt
KsponSpeech_000142.pcm,KsponSpeech_label_000142.txt
KsponSpeech_000143.pcm,KsponSpeech_label_000143.txt
KsponSpeech_000144.pcm,KsponSpeech_label_000144.txt
KsponSpeech_000145.pcm,KsponSpeech_label_000145.txt
KsponSpeech_000146.pcm,KsponSpeech_label_000146.txt
KsponSpeech_000147.pcm,KsponSpeech_label_000147.txt
KsponSpeech_000148.pcm,KsponSpeech_label_000148.txt
KsponSpeech_000149.pcm,KsponSpeech_label_000149.txt
KsponSpeech_000150.pcm,KsponSpeech_label_000150.txt
KsponSpeech_000151.pcm,KsponSpeech_label_000151.txt
KsponSpeech_000152.pcm,KsponSpeech_label_000152.txt
KsponSpeech_000153.pcm,KsponSpeech_label_000153.txt
KsponSpeech_000154.pcm,KsponSpeech_label_000154.txt
KsponSpeech_000155.pcm,KsponSpeech_label_000155.txt
KsponSpeech_000156.pcm,KsponSpeech_label_000156.txt
KsponSpeech_000157.pcm,KsponSpeech_label_000157.txt
KsponSpeech_000158.pcm,KsponSpeech_label_000158.txt
KsponSpeech_000159.pcm,KsponSpeech_label_000159.txt
KsponSpeech_000160.pcm,KsponSpeech_label_000160.txt
KsponSpeech_000161.pcm,KsponSpeech_label_000161.txt
KsponSpeech_000162.pcm,KsponSpeech_label_000162.txt
KsponSpeech_000163.pcm,KsponSpeech_label_000163.txt
KsponSpeech_000164.pcm,KsponSpeech_label_000164.txt
KsponSpeech_000165.pcm,KsponSpeech_label_000165.txt
KsponSpeech_000166.pcm,KsponSpeech_label_000166.txt
KsponSpeech_000167.pcm,KsponSpeech_label_000167.txt
KsponSpeech_000168.pcm,KsponSpeech_label_000168.txt
KsponSpeech_000169.pcm,KsponSpeech_label_000169.txt
KsponSpeech_000170.pcm,KsponSpeech_label_000170.txt
KsponSpeech_000171.pcm,KsponSpeech_label_000171.txt
KsponSpeech_000172.pcm,KsponSpeech_label_000172.txt
KsponSpeech_000173.pcm,KsponSpeech_label_000173.txt
KsponSpeech_000174.pcm,KsponSpeech_label_000174.txt
KsponSpeech_000175.pcm,KsponSpeech_label_000175.txt
KsponSpeech_000176.pcm,KsponSpeech_label_000176.txt
KsponSpeech_000177.pcm,KsponSpeech_label_000177.txt
KsponSpeech_000178.pcm,KsponSpeech_label_000178.txt
KsponSpeech_000179.pcm,KsponSpeech_label_000179.txt
KsponSpeech_000180.pcm,KsponSpeech_label_000180.txt
KsponSpeech_000181.pcm,KsponSpeech_label_000181.txt
KsponSpeech_000182.pcm,KsponSpeech_label_000182.txt
KsponSpeech_000183.pcm,KsponSpeech_label_000183.txt
KsponSpeech_000184.pcm,KsponSpeech_label_000184.txt
KsponSpeech_000185.pcm,KsponSpeech_label_000185.txt
KsponSpeech_000186.pcm,KsponSpeech_label_000186.txt
KsponSpeech_000187.pcm,KsponSpeech_label_000187.txt
KsponSpeech_000188.pcm,KsponSpeech_label_000188.txt
KsponSpeech_000189.pcm,KsponSpeech_label_000189.txt
KsponSpeech_000190.pcm,KsponSpeech_label_000190.txt
KsponSpeech_000191.pcm,KsponSpeech_label_000191.txt
KsponSpeech_000192.pcm,KsponSpeech_label_000192.txt
KsponSpeech_000193.pcm,KsponSpeech_label_000193.txt
KsponSpeech_000194.pcm,KsponSpeech_label_000194.txt
KsponSpeech_000195.pcm,KsponSpeech_label_000195.txt
KsponSpeech_000196.pcm,KsponSpeech_label_000196.txt
KsponSpeech_000197.pcm,KsponSpeech_label_000197.txt
KsponSpeech_000198.pcm,KsponSpeech_label_000198.txt
KsponSpeech_000199.pcm,KsponSpeech_label_000199.txt
KsponSpeech_000200.pcm,KsponSpeech_label_000200.txt
KsponSpeech_000201.pcm,KsponSpeech_label_000201.txt
KsponSpeech_000202.pcm,KsponSpeech_label_000202.txt
KsponSpeech_000203.pcm,KsponSpeech_label_000203.txt
KsponSpeech_000204.pcm,KsponSpeech_label_000204.txt
KsponSpeech_000205.pcm,KsponSpeech_label_000205.txt
KsponSpeech_000206.pcm,KsponSpeech_label_000206.txt
KsponSpeech_000207.pcm,KsponSpeech_label_000207.txt
KsponSpeech_000208.pcm,KsponSpeech_label_000208.txt
KsponSpeech_000209.pcm,KsponSpeech_label_000209.txt
KsponSpeech_000210.pcm,KsponSpeech_label_000210.txt
KsponSpeech_000211.pcm,KsponSpeech_label_000211.txt
KsponSpeech_000212.pcm,KsponSpeech_label_000212.txt
KsponSpeech_000213.pcm,KsponSpeech_label_000213.txt
KsponSpeech_000214.pcm,KsponSpeech_label_000214.txt
KsponSpeech_000215.pcm,KsponSpeech_label_000215.txt
KsponSpeech_000216.pcm,KsponSpeech_label_000216.txt
KsponSpeech_000217.pcm,KsponSpeech_label_000217.txt
KsponSpeech_000218.pcm,KsponSpeech_label_000218.txt
KsponSpeech_000219.pcm,KsponSpeech_label_000219.txt
KsponSpeech_000220.pcm,KsponSpeech_label_000220.txt
KsponSpeech_000221.pcm,KsponSpeech_label_000221.txt
KsponSpeech_000222.pcm,KsponSpeech_label_000222.txt
KsponSpeech_000223.pcm,KsponSpeech_label_000223.txt
KsponSpeech_000224.pcm,KsponSpeech_label_000224.txt
KsponSpeech_000225.pcm,KsponSpeech_label_000225.txt
KsponSpeech_000226.pcm,KsponSpeech_label_000226.txt
KsponSpeech_000227.pcm,KsponSpeech_label_000227.txt
KsponSpeech_000228.pcm,KsponSpeech_label_000228.txt
KsponSpeech_000229.pcm,KsponSpeech_label_000229.txt
KsponSpeech_000230.pcm,KsponSpeech_label_000230.txt
KsponSpeech_000231.pcm,KsponSpeech_label_000231.txt
KsponSpeech_000232.pcm,KsponSpeech_label_000232.txt
KsponSpeech_000233.pcm,KsponSpeech_label_000233.txt
KsponSpeech_000234.pcm,KsponSpeech_label_000234.txt
KsponSpeech_000235.pcm,KsponSpeech_label_000235.txt
KsponSpeech_000236.pcm,KsponSpeech_label_000236.txt
KsponSpeech_000237.pcm,KsponSpeech_label_000237.txt
KsponSpeech_000238.pcm,KsponSpeech_label_000238.txt
KsponSpeech_000239.pcm,KsponSpeech_label_000239.txt
KsponSpeech_000240.pcm,KsponSpeech_label_000240.txt
KsponSpeech_000241.pcm,KsponSpeech_label_000241.txt
KsponSpeech_000242.pcm,KsponSpeech_label_000242.txt
KsponSpeech_000243.pcm,KsponSpeech_label_000243.txt
KsponSpeech_000244.pcm,KsponSpeech_label_000244.txt
KsponSpeech_000245.pcm,KsponSpeech_label_000245.txt
KsponSpeech_000246.pcm,KsponSpeech_label_000246.txt
KsponSpeech_000247.pcm,KsponSpeech_label_000247.txt
KsponSpeech_000248.pcm,KsponSpeech_label_000248.txt
KsponSpeech_000249.pcm,KsponSpeech_label_000249.txt
KsponSpeech_000250.pcm,KsponSpeech_label_000250.txt
KsponSpeech_000251.pcm,KsponSpeech_label_000251.txt
KsponSpeech_000252.pcm,KsponSpeech_label_000252.txt
KsponSpeech_000253.pcm,KsponSpeech_label_000253.txt
KsponSpeech_000254.pcm,KsponSpeech_label_000254.txt
KsponSpeech_000255.pcm,KsponSpeech_label_000255.txt
KsponSpeech_000256.pcm,KsponSpeech_label_000256.txt
KsponSpeech_000257.pcm,KsponSpeech_label_000257.txt
KsponSpeech_000258.pcm,KsponSpeech_label_000258.txt
KsponSpeech_000259.pcm,KsponSpeech_label_000259.txt
KsponSpeech_000260.pcm,KsponSpeech_label_000260.txt
KsponSpeech_000261.pcm,KsponSpeech_label_000261.txt
KsponSpeech_000262.pcm,KsponSpeech_label_000262.txt
KsponSpeech_000263.pcm,KsponSpeech_label_000263.txt
KsponSpeech_000264.pcm,KsponSpeech_label_000264.txt
KsponSpeech_000265.pcm,KsponSpeech_label_000265.txt
KsponSpeech_000266.pcm,KsponSpeech_label_000266.txt
KsponSpeech_000267.pcm,KsponSpeech_label_000267.txt
KsponSpeech_000268.pcm,KsponSpeech_label_000268.txt
KsponSpeech_000269.pcm,KsponSpeech_label_000269.txt
KsponSpeech_000270.pcm,KsponSpeech_label_000270.txt
KsponSpeech_000271.pcm,KsponSpeech_label_000271.txt
KsponSpeech_000272.pcm,KsponSpeech_label_000272.txt
KsponSpeech_000273.pcm,KsponSpeech_label_000273.txt
KsponSpeech_000274.pcm,KsponSpeech_label_000274.txt
KsponSpeech_000275.pcm,KsponSpeech_label_000275.txt
KsponSpeech_000276.pcm,KsponSpeech_label_000276.txt
KsponSpeech_000277.pcm,KsponSpeech_label_000277.txt
KsponSpeech_000278.pcm,KsponSpeech_label_000278.txt
KsponSpeech_000279.pcm,KsponSpeech_label_000279.txt
KsponSpeech_000280.pcm,KsponSpeech_label_000280.txt
KsponSpeech_000281.pcm,KsponSpeech_label_000281.txt
KsponSpeech_000282.pcm,KsponSpeech_label_000282.txt
KsponSpeech_000283.pcm,KsponSpeech_label_000283.txt
KsponSpeech_000284.pcm,KsponSpeech_label_000284.txt
KsponSpeech_000285.pcm,KsponSpeech_label_000285.txt
KsponSpeech_000286.pcm,KsponSpeech_label_000286.txt
KsponSpeech_000287.pcm,KsponSpeech_label_000287.txt
KsponSpeech_000288.pcm,KsponSpeech_label_000288.txt
KsponSpeech_000289.pcm,KsponSpeech_label_000289.txt
KsponSpeech_000290.pcm,KsponSpeech_label_000290.txt
KsponSpeech_000291.pcm,KsponSpeech_label_000291.txt
KsponSpeech_000292.pcm,KsponSpeech_label_000292.txt
KsponSpeech_000293.pcm,KsponSpeech_label_000293.txt
KsponSpeech_000294.pcm,KsponSpeech_label_000294.txt
KsponSpeech_000295.pcm,KsponSpeech_label_000295.txt
KsponSpeech_000296.pcm,KsponSpeech_label_000296.txt
KsponSpeech_000297.pcm,KsponSpeech_label_000297.txt
KsponSpeech_000298.pcm,KsponSpeech_label_000298.txt
KsponSpeech_000299.pcm,KsponSpeech_label_000299.txt
KsponSpeech_000300.pcm,KsponSpeech_label_000300.txt
KsponSpeech_000301.pcm,KsponSpeech_label_000301.txt
KsponSpeech_000302.pcm,KsponSpeech_label_000302.txt
KsponSpeech_000303.pcm,KsponSpeech_label_000303.txt
KsponSpeech_000304.pcm,KsponSpeech_label_000304.txt
KsponSpeech_000305.pcm,KsponSpeech_label_000305.txt
KsponSpeech_000306.pcm,KsponSpeech_label_000306.txt
KsponSpeech_000307.pcm,KsponSpeech_label_000307.txt
KsponSpeech_000308.pcm,KsponSpeech_label_000308.txt
KsponSpeech_000309.pcm,KsponSpeech_label_000309.txt
KsponSpeech_000310.pcm,KsponSpeech_label_000310.txt
KsponSpeech_000311.pcm,KsponSpeech_label_000311.txt
KsponSpeech_000312.pcm,KsponSpeech_label_000312.txt
KsponSpeech_000313.pcm,KsponSpeech_label_000313.txt
KsponSpeech_000314.pcm,KsponSpeech_label_000314.txt
KsponSpeech_000315.pcm,KsponSpeech_label_000315.txt
KsponSpeech_000316.pcm,KsponSpeech_label_000316.txt
KsponSpeech_000317.pcm,KsponSpeech_label_000317.txt
KsponSpeech_000318.pcm,KsponSpeech_label_000318.txt
KsponSpeech_000319.pcm,KsponSpeech_label_000319.txt
KsponSpeech_000320.pcm,KsponSpeech_label_000320.txt
KsponSpeech_000321.pcm,KsponSpeech_label_000321.txt
KsponSpeech_000322.pcm,KsponSpeech_label_000322.txt
KsponSpeech_000323.pcm,KsponSpeech_label_000323.txt
KsponSpeech_000324.pcm,KsponSpeech_label_000324.txt
KsponSpeech_000325.pcm,KsponSpeech_label_000325.txt
KsponSpeech_000326.pcm,KsponSpeech_label_000326.txt
KsponSpeech_000327.pcm,KsponSpeech_label_000327.txt
KsponSpeech_000328.pcm,KsponSpeech_label_000328.txt
KsponSpeech_000329.pcm,KsponSpeech_label_000329.txt
KsponSpeech_000330.pcm,KsponSpeech_label_000330.txt
KsponSpeech_000331.pcm,KsponSpeech_label_000331.txt
KsponSpeech_000332.pcm,KsponSpeech_label_000332.txt
KsponSpeech_000333.pcm,KsponSpeech_label_000333.txt
KsponSpeech_000334.pcm,KsponSpeech_label_000334.txt
KsponSpeech_000335.pcm,KsponSpeech_label_000335.txt
KsponSpeech_000336.pcm,KsponSpeech_label_000336.txt
KsponSpeech_000337.pcm,KsponSpeech_label_000337.txt
KsponSpeech_000338.pcm,KsponSpeech_label_000338.txt
KsponSpeech_000339.pcm,KsponSpeech_label_000339.txt
KsponSpeech_000340.pcm,KsponSpeech_label_000340.txt
KsponSpeech_000341.pcm,KsponSpeech_label_000341.txt
KsponSpeech_000342.pcm,KsponSpeech_label_000342.txt
KsponSpeech_000343.pcm,KsponSpeech_label_000343.txt
KsponSpeech_000344.pcm,KsponSpeech_label_000344.txt
KsponSpeech_000345.pcm,KsponSpeech_label_000345.txt
KsponSpeech_000346.pcm,KsponSpeech_label_000346.txt
KsponSpeech_000347.pcm,KsponSpeech_label_000347.txt
KsponSpeech_000348.pcm,KsponSpeech_label_000348.txt
KsponSpeech_000349.pcm,KsponSpeech_label_000349.txt
KsponSpeech_000350.pcm,KsponSpeech_label_000350.txt
KsponSpeech_000351.pcm,KsponSpeech_label_000351.txt
KsponSpeech_000352.pcm,KsponSpeech_label_000352.txt
KsponSpeech_000353.pcm,KsponSpeech_label_000353.txt
KsponSpeech_000354.pcm,KsponSpeech_label_000354.txt
KsponSpeech_000355.pcm,KsponSpeech_label_000355.txt
KsponSpeech_000356.pcm,KsponSpeech_label_000356.txt
KsponSpeech_000357.pcm,KsponSpeech_label_000357.txt
KsponSpeech_000358.pcm,KsponSpeech_label_000358.txt
KsponSpeech_000359.pcm,KsponSpeech_label_000359.txt
KsponSpeech_000360.pcm,KsponSpeech_label_000360.txt
KsponSpeech_000361.pcm,KsponSpeech_label_000361.txt
KsponSpeech_000362.pcm,KsponSpeech_label_000362.txt
KsponSpeech_000363.pcm,KsponSpeech_label_000363.txt
KsponSpeech_000364.pcm,KsponSpeech_label_000364.txt
KsponSpeech_000365.pcm,KsponSpeech_label_000365.txt
KsponSpeech_000366.pcm,KsponSpeech_label_000366.txt
KsponSpeech_000367.pcm,KsponSpeech_label_000367.txt
KsponSpeech_000368.pcm,KsponSpeech_label_000368.txt
KsponSpeech_000369.pcm,KsponSpeech_label_000369.txt
KsponSpeech_000370.pcm,KsponSpeech_label_000370.txt
KsponSpeech_000371.pcm,KsponSpeech_label_000371.txt
KsponSpeech_000372.pcm,KsponSpeech_label_000372.txt
KsponSpeech_000373.pcm,KsponSpeech_label_000373.txt
KsponSpeech_000374.pcm,KsponSpeech_label_000374.txt
KsponSpeech_000375.pcm,KsponSpeech_label_000375.txt
KsponSpeech_000376.pcm,KsponSpeech_label_000376.txt
KsponSpeech_000377.pcm,KsponSpeech_label_000377.txt
KsponSpeech_000378.pcm,KsponSpeech_label_000378.txt
KsponSpeech_000379.pcm,KsponSpeech_label_000379.txt
KsponSpeech_000380.pcm,KsponSpeech_label_000380.txt
KsponSpeech_000381.pcm,KsponSpeech_label_000381.txt
KsponSpeech_000382.pcm,KsponSpeech_label_000382.txt
KsponSpeech_000383.pcm,KsponSpeech_label_000383.txt
KsponSpeech_000384.pcm,KsponSpeech_label_000384.txt
KsponSpeech_000385.pcm,KsponSpeech_label_000385.txt
KsponSpeech_000386.pcm,KsponSpeech_label_000386.txt
KsponSpeech_000387.pcm,KsponSpeech_label_000387.txt
KsponSpeech_000388.pcm,KsponSpeech_label_000388.txt
KsponSpeech_000389.pcm,KsponSpeech_label_000389.txt
KsponSpeech_000390.pcm,KsponSpeech_label_000390.txt
KsponSpeech_000391.pcm,KsponSpeech_label_000391.txt
KsponSpeech_000392.pcm,KsponSpeech_label_000392.txt
KsponSpeech_000393.pcm,KsponSpeech_label_000393.txt
KsponSpeech_000394.pcm,KsponSpeech_label_000394.txt
KsponSpeech_000395.pcm,KsponSpeech_label_000395.txt
KsponSpeech_000396.pcm,KsponSpeech_label_000396.txt
KsponSpeech_000397.pcm,KsponSpeech_label_000397.txt
KsponSpeech_000398.pcm,KsponSpeech_label_000398.txt
KsponSpeech_000399.pcm,KsponSpeech_label_000399.txt
KsponSpeech_000400.pcm,KsponSpeech_label_000400.txt
KsponSpeech_000401.pcm,KsponSpeech_label_000401.txt
KsponSpeech_000402.pcm,KsponSpeech_label_000402.txt
KsponSpeech_000403.pcm,KsponSpeech_label_000403.txt
KsponSpeech_000404.pcm,KsponSpeech_label_000404.txt
KsponSpeech_000405.pcm,KsponSpeech_label_000405.txt
KsponSpeech_000406.pcm,KsponSpeech_label_000406.txt
KsponSpeech_000407.pcm,KsponSpeech_label_000407.txt
KsponSpeech_000408.pcm,KsponSpeech_label_000408.txt
KsponSpeech_000409.pcm,KsponSpeech_label_000409.txt
KsponSpeech_000410.pcm,KsponSpeech_label_000410.txt
KsponSpeech_000411.pcm,KsponSpeech_label_000411.txt
KsponSpeech_000412.pcm,KsponSpeech_label_000412.txt
KsponSpeech_000413.pcm,KsponSpeech_label_000413.txt
KsponSpeech_000414.pcm,KsponSpeech_label_000414.txt
KsponSpeech_000415.pcm,KsponSpeech_label_000415.txt
KsponSpeech_000416.pcm,KsponSpeech_label_000416.txt
KsponSpeech_000417.pcm,KsponSpeech_label_000417.txt
KsponSpeech_000418.pcm,KsponSpeech_label_000418.txt
KsponSpeech_000419.pcm,KsponSpeech_label_000419.txt
KsponSpeech_000420.pcm,KsponSpeech_label_000420.txt
KsponSpeech_000421.pcm,KsponSpeech_label_000421.txt
KsponSpeech_000422.pcm,KsponSpeech_label_000422.txt
KsponSpeech_000423.pcm,KsponSpeech_label_000423.txt
KsponSpeech_000424.pcm,KsponSpeech_label_000424.txt
KsponSpeech_000425.pcm,KsponSpeech_label_000425.txt
KsponSpeech_000426.pcm,KsponSpeech_label_000426.txt
KsponSpeech_000427.pcm,KsponSpeech_label_000427.txt
KsponSpeech_000428.pcm,KsponSpeech_label_000428.txt
KsponSpeech_000429.pcm,KsponSpeech_label_000429.txt
KsponSpeech_000430.pcm,KsponSpeech_label_000430.txt
KsponSpeech_000431.pcm,KsponSpeech_label_000431.txt
KsponSpeech_000432.pcm,KsponSpeech_label_000432.txt
KsponSpeech_000433.pcm,KsponSpeech_label_000433.txt
KsponSpeech_000434.pcm,KsponSpeech_label_000434.txt
KsponSpeech_000435.pcm,KsponSpeech_label_000435.txt
KsponSpeech_000436.pcm,KsponSpeech_label_000436.txt
KsponSpeech_000437.pcm,KsponSpeech_label_000437.txt
KsponSpeech_000438.pcm,KsponSpeech_label_000438.txt
KsponSpeech_000439.pcm,KsponSpeech_label_000439.txt
KsponSpeech_000440.pcm,KsponSpeech_label_000440.txt
KsponSpeech_000441.pcm,KsponSpeech_label_000441.txt
KsponSpeech_000442.pcm,KsponSpeech_label_000442.txt
KsponSpeech_000443.pcm,KsponSpeech_label_000443.txt
KsponSpeech_000444.pcm,KsponSpeech_label_000444.txt
KsponSpeech_000445.pcm,KsponSpeech_label_000445.txt
KsponSpeech_000446.pcm,KsponSpeech_label_000446.txt
KsponSpeech_000447.pcm,KsponSpeech_label_000447.txt
KsponSpeech_000448.pcm,KsponSpeech_label_000448.txt
KsponSpeech_000449.pcm,KsponSpeech_label_000449.txt
KsponSpeech_000450.pcm,KsponSpeech_label_000450.txt
KsponSpeech_000451.pcm,KsponSpeech_label_000451.txt
KsponSpeech_000452.pcm,KsponSpeech_label_000452.txt
KsponSpeech_000453.pcm,KsponSpeech_label_000453.txt
KsponSpeech_000454.pcm,KsponSpeech_label_000454.txt
KsponSpeech_000455.pcm,KsponSpeech_label_000455.txt
KsponSpeech_000456.pcm,KsponSpeech_label_000456.txt
KsponSpeech_000457.pcm,KsponSpeech_label_000457.txt
KsponSpeech_000458.pcm,KsponSpeech_label_000458.txt
KsponSpeech_000459.pcm,KsponSpeech_label_000459.txt
KsponSpeech_000460.pcm,KsponSpeech_label_000460.txt
KsponSpeech_000461.pcm,KsponSpeech_label_000461.txt
KsponSpeech_000462.pcm,KsponSpeech_label_000462.txt
KsponSpeech_000463.pcm,KsponSpeech_label_000463.txt
KsponSpeech_000464.pcm,KsponSpeech_label_000464.txt
KsponSpeech_000465.pcm,KsponSpeech_label_000465.txt
KsponSpeech_000466.pcm,KsponSpeech_label_000466.txt
KsponSpeech_000467.pcm,KsponSpeech_label_000467.txt
KsponSpeech_000468.pcm,KsponSpeech_label_000468.txt
KsponSpeech_000469.pcm,KsponSpeech_label_000469.txt
KsponSpeech_000470.pcm,KsponSpeech_label_000470.txt
KsponSpeech_000471.pcm,KsponSpeech_label_000471.txt
KsponSpeech_000472.pcm,KsponSpeech_label_000472.txt
KsponSpeech_000473.pcm,KsponSpeech_label_000473.txt
KsponSpeech_000474.pcm,KsponSpeech_label_000474.txt
KsponSpeech_000475.pcm,KsponSpeech_label_000475.txt
KsponSpeech_000476.pcm,KsponSpeech_label_000476.txt
KsponSpeech_000477.pcm,KsponSpeech_label_000477.txt
KsponSpeech_000478.pcm,KsponSpeech_label_000478.txt
KsponSpeech_000479.pcm,KsponSpeech_label_000479.txt
KsponSpeech_000480.pcm,KsponSpeech_label_000480.txt
KsponSpeech_000481.pcm,KsponSpeech_label_000481.txt
KsponSpeech_000482.pcm,KsponSpeech_label_000482.txt
KsponSpeech_000483.pcm,KsponSpeech_label_000483.txt
KsponSpeech_000484.pcm,KsponSpeech_label_000484.txt
KsponSpeech_000485.pcm,KsponSpeech_label_000485.txt
KsponSpeech_000486.pcm,KsponSpeech_label_000486.txt
KsponSpeech_000487.pcm,KsponSpeech_label_000487.txt
KsponSpeech_000488.pcm,KsponSpeech_label_000488.txt
KsponSpeech_000489.pcm,KsponSpeech_label_000489.txt
KsponSpeech_000490.pcm,KsponSpeech_label_000490.txt
KsponSpeech_000491.pcm,KsponSpeech_label_000491.txt
KsponSpeech_000492.pcm,KsponSpeech_label_000492.txt
KsponSpeech_000493.pcm,KsponSpeech_label_000493.txt
KsponSpeech_000494.pcm,KsponSpeech_label_000494.txt
KsponSpeech_000495.pcm,KsponSpeech_label_000495.txt
KsponSpeech_000496.pcm,KsponSpeech_label_000496.txt
KsponSpeech_000497.pcm,KsponSpeech_label_000497.txt
KsponSpeech_000498.pcm,KsponSpeech_label_000498.txt
KsponSpeech_000499.pcm,KsponSpeech_label_000499.txt
KsponSpeech_000500.pcm,KsponSpeech_label_000500.txt
KsponSpeech_000501.pcm,KsponSpeech_label_000501.txt
KsponSpeech_000502.pcm,KsponSpeech_label_000502.txt
KsponSpeech_000503.pcm,KsponSpeech_label_000503.txt
KsponSpeech_000504.pcm,KsponSpeech_label_000504.txt
KsponSpeech_000505.pcm,KsponSpeech_label_000505.txt
KsponSpeech_000506.pcm,KsponSpeech_label_000506.txt
KsponSpeech_000507.pcm,KsponSpeech_label_000507.txt
KsponSpeech_000508.pcm,KsponSpeech_label_000508.txt
KsponSpeech_000509.pcm,KsponSpeech_label_000509.txt
KsponSpeech_000510.pcm,KsponSpeech_label_000510.txt
KsponSpeech_000511.pcm,KsponSpeech_label_000511.txt
KsponSpeech_000512.pcm,KsponSpeech_label_000512.txt
KsponSpeech_000513.pcm,KsponSpeech_label_000513.txt
KsponSpeech_000514.pcm,KsponSpeech_label_000514.txt
KsponSpeech_000515.pcm,KsponSpeech_label_000515.txt
KsponSpeech_000516.pcm,KsponSpeech_label_000516.txt
KsponSpeech_000517.pcm,KsponSpeech_label_000517.txt
KsponSpeech_000518.pcm,KsponSpeech_label_000518.txt
KsponSpeech_000519.pcm,KsponSpeech_label_000519.txt
KsponSpeech_000520.pcm,KsponSpeech_label_000520.txt
KsponSpeech_000521.pcm,KsponSpeech_label_000521.txt
KsponSpeech_000522.pcm,KsponSpeech_label_000522.txt
KsponSpeech_000523.pcm,KsponSpeech_label_000523.txt
KsponSpeech_000524.pcm,KsponSpeech_label_000524.txt
KsponSpeech_000525.pcm,KsponSpeech_label_000525.txt
KsponSpeech_000526.pcm,KsponSpeech_label_000526.txt
KsponSpeech_000527.pcm,KsponSpeech_label_000527.txt
KsponSpeech_000528.pcm,KsponSpeech_label_000528.txt
KsponSpeech_000529.pcm,KsponSpeech_label_000529.txt
KsponSpeech_000530.pcm,KsponSpeech_label_000530.txt
KsponSpeech_000531.pcm,KsponSpeech_label_000531.txt
KsponSpeech_000532.pcm,KsponSpeech_label_000532.txt
KsponSpeech_000533.pcm,KsponSpeech_label_000533.txt
KsponSpeech_000534.pcm,KsponSpeech_label_000534.txt
KsponSpeech_000535.pcm,KsponSpeech_label_000535.txt
KsponSpeech_000536.pcm,KsponSpeech_label_000536.txt
KsponSpeech_000537.pcm,KsponSpeech_label_000537.txt
KsponSpeech_000538.pcm,KsponSpeech_label_000538.txt
KsponSpeech_000539.pcm,KsponSpeech_label_000539.txt
KsponSpeech_000540.pcm,KsponSpeech_label_000540.txt
KsponSpeech_000541.pcm,KsponSpeech_label_000541.txt
KsponSpeech_000542.pcm,KsponSpeech_label_000542.txt
KsponSpeech_000543.pcm,KsponSpeech_label_000543.txt
KsponSpeech_000544.pcm,KsponSpeech_label_000544.txt
KsponSpeech_000545.pcm,KsponSpeech_label_000545.txt
KsponSpeech_000546.pcm,KsponSpeech_label_000546.txt
KsponSpeech_000547.pcm,KsponSpeech_label_000547.txt
KsponSpeech_000548.pcm,KsponSpeech_label_000548.txt
KsponSpeech_000549.pcm,KsponSpeech_label_000549.txt
KsponSpeech_000550.pcm,KsponSpeech_label_000550.txt
KsponSpeech_000551.pcm,KsponSpeech_label_000551.txt
KsponSpeech_000552.pcm,KsponSpeech_label_000552.txt
KsponSpeech_000553.pcm,KsponSpeech_label_000553.txt
KsponSpeech_000554.pcm,KsponSpeech_label_000554.txt
KsponSpeech_000555.pcm,KsponSpeech_label_000555.txt
KsponSpeech_000556.pcm,KsponSpeech_label_000556.txt
KsponSpeech_000557.pcm,KsponSpeech_label_000557.txt
KsponSpeech_000558.pcm,KsponSpeech_label_000558.txt
KsponSpeech_000559.pcm,KsponSpeech_label_000559.txt
KsponSpeech_000560.pcm,KsponSpeech_label_000560.txt
KsponSpeech_000561.pcm,KsponSpeech_label_000561.txt
KsponSpeech_000562.pcm,KsponSpeech_label_000562.txt
KsponSpeech_000563.pcm,KsponSpeech_label_000563.txt
KsponSpeech_000564.pcm,KsponSpeech_label_000564.txt
KsponSpeech_000565.pcm,KsponSpeech_label_000565.txt
KsponSpeech_000566.pcm,KsponSpeech_label_000566.txt
KsponSpeech_000567.pcm,KsponSpeech_label_000567.txt
KsponSpeech_000568.pcm,KsponSpeech_label_000568.txt
KsponSpeech_000569.pcm,KsponSpeech_label_000569.txt
KsponSpeech_000570.pcm,KsponSpeech_label_000570.txt
KsponSpeech_000571.pcm,KsponSpeech_label_000571.txt
KsponSpeech_000572.pcm,KsponSpeech_label_000572.txt
KsponSpeech_000573.pcm,KsponSpeech_label_000573.txt
KsponSpeech_000574.pcm,KsponSpeech_label_000574.txt
KsponSpeech_000575.pcm,KsponSpeech_label_000575.txt
KsponSpeech_000576.pcm,KsponSpeech_label_000576.txt
KsponSpeech_000577.pcm,KsponSpeech_label_000577.txt
KsponSpeech_000578.pcm,KsponSpeech_label_000578.txt
KsponSpeech_000579.pcm,KsponSpeech_label_000579.txt
KsponSpeech_000580.pcm,KsponSpeech_label_000580.txt
KsponSpeech_000581.pcm,KsponSpeech_label_000581.txt
KsponSpeech_000582.pcm,KsponSpeech_label_000582.txt
KsponSpeech_000583.pcm,KsponSpeech_label_000583.txt
KsponSpeech_000584.pcm,KsponSpeech_label_000584.txt
KsponSpeech_000585.pcm,KsponSpeech_label_000585.txt
KsponSpeech_000586.pcm,KsponSpeech_label_000586.txt
KsponSpeech_000587.pcm,KsponSpeech_label_000587.txt
KsponSpeech_000588.pcm,KsponSpeech_label_000588.txt
KsponSpeech_000589.pcm,KsponSpeech_label_000589.txt
KsponSpeech_000590.pcm,KsponSpeech_label_000590.txt
KsponSpeech_000591.pcm,KsponSpeech_label_000591.txt
KsponSpeech_000592.pcm,KsponSpeech_label_000592.txt
KsponSpeech_000593.pcm,KsponSpeech_label_000593.txt
KsponSpeech_000594.pcm,KsponSpeech_label_000594.txt
KsponSpeech_000595.pcm,KsponSpeech_label_000595.txt
KsponSpeech_000596.pcm,KsponSpeech_label_000596.txt
KsponSpeech_000597.pcm,KsponSpeech_label_000597.txt
KsponSpeech_000598.pcm,KsponSpeech_label_000598.txt
KsponSpeech_000599.pcm,KsponSpeech_label_000599.txt
KsponSpeech_000600.pcm,KsponSpeech_label_000600.txt
KsponSpeech_000601.pcm,KsponSpeech_label_000601.txt
KsponSpeech_000602.pcm,KsponSpeech_label_000602.txt
KsponSpeech_000603.pcm,KsponSpeech_label_000603.txt
KsponSpeech_000604.pcm,KsponSpeech_label_000604.txt
KsponSpeech_000605.pcm,KsponSpeech_label_000605.txt
KsponSpeech_000606.pcm,KsponSpeech_label_000606.txt
KsponSpeech_000607.pcm,KsponSpeech_label_000607.txt
KsponSpeech_000608.pcm,KsponSpeech_label_000608.txt
KsponSpeech_000609.pcm,KsponSpeech_label_000609.txt
KsponSpeech_000610.pcm,KsponSpeech_label_000610.txt
KsponSpeech_000611.pcm,KsponSpeech_label_000611.txt
KsponSpeech_000612.pcm,KsponSpeech_label_000612.txt
KsponSpeech_000613.pcm,KsponSpeech_label_000613.txt
KsponSpeech_000614.pcm,KsponSpeech_label_000614.txt
KsponSpeech_000615.pcm,KsponSpeech_label_000615.txt
KsponSpeech_000616.pcm,KsponSpeech_label_000616.txt
KsponSpeech_000617.pcm,KsponSpeech_label_000617.txt
KsponSpeech_000618.pcm,KsponSpeech_label_000618.txt
KsponSpeech_000619.pcm,KsponSpeech_label_000619.txt
KsponSpeech_000620.pcm,KsponSpeech_label_000620.txt
KsponSpeech_000621.pcm,KsponSpeech_label_000621.txt
KsponSpeech_000622.pcm,KsponSpeech_label_000622.txt
KsponSpeech_000623.pcm,KsponSpeech_label_000623.txt
KsponSpeech_000624.pcm,KsponSpeech_label_000624.txt
KsponSpeech_000625.pcm,KsponSpeech_label_000625.txt
KsponSpeech_000626.pcm,KsponSpeech_label_000626.txt
KsponSpeech_000627.pcm,KsponSpeech_label_000627.txt
KsponSpeech_000628.pcm,KsponSpeech_label_000628.txt
KsponSpeech_000629.pcm,KsponSpeech_label_000629.txt
KsponSpeech_000630.pcm,KsponSpeech_label_000630.txt
KsponSpeech_000631.pcm,KsponSpeech_label_000631.txt
KsponSpeech_000632.pcm,KsponSpeech_label_000632.txt
KsponSpeech_000633.pcm,KsponSpeech_label_000633.txt
KsponSpeech_000634.pcm,KsponSpeech_label_000634.txt
KsponSpeech_000635.pcm,KsponSpeech_label_000635.txt
KsponSpeech_000636.pcm,KsponSpeech_label_000636.txt
KsponSpeech_000637.pcm,KsponSpeech_label_000637.txt
KsponSpeech_000638.pcm,KsponSpeech_label_000638.txt
KsponSpeech_000639.pcm,KsponSpeech_label_000639.txt
KsponSpeech_000640.pcm,KsponSpeech_label_000640.txt
KsponSpeech_000641.pcm,KsponSpeech_label_000641.txt
KsponSpeech_000642.pcm,KsponSpeech_label_000642.txt
KsponSpeech_000643.pcm,KsponSpeech_label_000643.txt
KsponSpeech_000644.pcm,KsponSpeech_label_000644.txt
KsponSpeech_000645.pcm,KsponSpeech_label_000645.txt
KsponSpeech_000646.pcm,KsponSpeech_label_000646.txt
KsponSpeech_000647.pcm,KsponSpeech_label_000647.txt
KsponSpeech_000648.pcm,KsponSpeech_label_000648.txt
KsponSpeech_000649.pcm,KsponSpeech_label_000649.txt
KsponSpeech_000650.pcm,KsponSpeech_label_000650.txt
KsponSpeech_000651.pcm,KsponSpeech_label_000651.txt
KsponSpeech_000652.pcm,KsponSpeech_label_000652.txt
KsponSpeech_000653.pcm,KsponSpeech_label_000653.txt
KsponSpeech_000654.pcm,KsponSpeech_label_000654.txt
KsponSpeech_000655.pcm,KsponSpeech_label_000655.txt
KsponSpeech_000656.pcm,KsponSpeech_label_000656.txt
KsponSpeech_000657.pcm,KsponSpeech_label_000657.txt
KsponSpeech_000658.pcm,KsponSpeech_label_000658.txt
KsponSpeech_000659.pcm,KsponSpeech_label_000659.txt
KsponSpeech_000660.pcm,KsponSpeech_label_000660.txt
KsponSpeech_000661.pcm,KsponSpeech_label_000661.txt
KsponSpeech_000662.pcm,KsponSpeech_label_000662.txt
KsponSpeech_000663.pcm,KsponSpeech_label_000663.txt
KsponSpeech_000664.pcm,KsponSpeech_label_000664.txt
KsponSpeech_000665.pcm,KsponSpeech_label_000665.txt
KsponSpeech_000666.pcm,KsponSpeech_label_000666.txt
KsponSpeech_000667.pcm,KsponSpeech_label_000667.txt
KsponSpeech_000668.pcm,KsponSpeech_label_000668.txt
KsponSpeech_000669.pcm,KsponSpeech_label_000669.txt
KsponSpeech_000670.pcm,KsponSpeech_label_000670.txt
KsponSpeech_000671.pcm,KsponSpeech_label_000671.txt
KsponSpeech_000672.pcm,KsponSpeech_label_000672.txt
KsponSpeech_000673.pcm,KsponSpeech_label_000673.txt
KsponSpeech_000674.pcm,KsponSpeech_label_000674.txt
KsponSpeech_000675.pcm,KsponSpeech_label_000675.txt
KsponSpeech_000676.pcm,KsponSpeech_label_000676.txt
KsponSpeech_000677.pcm,KsponSpeech_label_000677.txt
KsponSpeech_000678.pcm,KsponSpeech_label_000678.txt
KsponSpeech_000679.pcm,KsponSpeech_label_000679.txt
KsponSpeech_000680.pcm,KsponSpeech_label_000680.txt
KsponSpeech_000681.pcm,KsponSpeech_label_000681.txt
KsponSpeech_000682.pcm,KsponSpeech_label_000682.txt
KsponSpeech_000683.pcm,KsponSpeech_label_000683.txt
KsponSpeech_000684.pcm,KsponSpeech_label_000684.txt
KsponSpeech_000685.pcm,KsponSpeech_label_000685.txt
KsponSpeech_000686.pcm,KsponSpeech_label_000686.txt
KsponSpeech_000687.pcm,KsponSpeech_label_000687.txt
KsponSpeech_000688.pcm,KsponSpeech_label_000688.txt
KsponSpeech_000689.pcm,KsponSpeech_label_000689.txt
KsponSpeech_000690.pcm,KsponSpeech_label_000690.txt
KsponSpeech_000691.pcm,KsponSpeech_label_000691.txt
KsponSpeech_000692.pcm,KsponSpeech_label_000692.txt
KsponSpeech_000693.pcm,KsponSpeech_label_000693.txt
KsponSpeech_000694.pcm,KsponSpeech_label_000694.txt
KsponSpeech_000695.pcm,KsponSpeech_label_000695.txt
KsponSpeech_000696.pcm,KsponSpeech_label_000696.txt
KsponSpeech_000697.pcm,KsponSpeech_label_000697.txt
KsponSpeech_000698.pcm,KsponSpeech_label_000698.txt
KsponSpeech_000699.pcm,KsponSpeech_label_000699.txt
KsponSpeech_000700.pcm,KsponSpeech_label_000700.txt
KsponSpeech_000701.pcm,KsponSpeech_label_000701.txt
KsponSpeech_000702.pcm,KsponSpeech_label_000702.txt
KsponSpeech_000703.pcm,KsponSpeech_label_000703.txt
KsponSpeech_000704.pcm,KsponSpeech_label_000704.txt
KsponSpeech_000705.pcm,KsponSpeech_label_000705.txt
KsponSpeech_000706.pcm,KsponSpeech_label_000706.txt
KsponSpeech_000707.pcm,KsponSpeech_label_000707.txt
KsponSpeech_000708.pcm,KsponSpeech_label_000708.txt
KsponSpeech_000709.pcm,KsponSpeech_label_000709.txt
KsponSpeech_000710.pcm,KsponSpeech_label_000710.txt
KsponSpeech_000711.pcm,KsponSpeech_label_000711.txt
KsponSpeech_000712.pcm,KsponSpeech_label_000712.txt
KsponSpeech_000713.pcm,KsponSpeech_label_000713.txt
KsponSpeech_000714.pcm,KsponSpeech_label_000714.txt
KsponSpeech_000715.pcm,KsponSpeech_label_000715.txt
KsponSpeech_000716.pcm,KsponSpeech_label_000716.txt
KsponSpeech_000717.pcm,KsponSpeech_label_000717.txt
KsponSpeech_000718.pcm,KsponSpeech_label_000718.txt
KsponSpeech_000719.pcm,KsponSpeech_label_000719.txt
KsponSpeech_000720.pcm,KsponSpeech_label_000720.txt
KsponSpeech_000721.pcm,KsponSpeech_label_000721.txt
KsponSpeech_000722.pcm,KsponSpeech_label_000722.txt
KsponSpeech_000723.pcm,KsponSpeech_label_000723.txt
KsponSpeech_000724.pcm,KsponSpeech_label_000724.txt
KsponSpeech_000725.pcm,KsponSpeech_label_000725.txt
KsponSpeech_000726.pcm,KsponSpeech_label_000726.txt
KsponSpeech_000727.pcm,KsponSpeech_label_000727.txt
KsponSpeech_000728.pcm,KsponSpeech_label_000728.txt
KsponSpeech_000729.pcm,KsponSpeech_label_000729.txt
KsponSpeech_000730.pcm,KsponSpeech_label_000730.txt
KsponSpeech_000731.pcm,KsponSpeech_label_000731.txt
KsponSpeech_000732.pcm,KsponSpeech_label_000732.txt
KsponSpeech_000733.pcm,KsponSpeech_label_000733.txt
KsponSpeech_000734.pcm,KsponSpeech_label_000734.txt
KsponSpeech_000735.pcm,KsponSpeech_label_000735.txt
KsponSpeech_000736.pcm,KsponSpeech_label_000736.txt
KsponSpeech_000737.pcm,KsponSpeech_label_000737.txt
KsponSpeech_000738.pcm,KsponSpeech_label_000738.txt
KsponSpeech_000739.pcm,KsponSpeech_label_000739.txt
KsponSpeech_000740.pcm,KsponSpeech_label_000740.txt
KsponSpeech_000741.pcm,KsponSpeech_label_000741.txt
KsponSpeech_000742.pcm,KsponSpeech_label_000742.txt
KsponSpeech_000743.pcm,KsponSpeech_label_000743.txt
KsponSpeech_000744.pcm,KsponSpeech_label_000744.txt
KsponSpeech_000745.pcm,KsponSpeech_label_000745.txt
KsponSpeech_000746.pcm,KsponSpeech_label_000746.txt
KsponSpeech_000747.pcm,KsponSpeech_label_000747.txt
KsponSpeech_000748.pcm,KsponSpeech_label_000748.txt
KsponSpeech_000749.pcm,KsponSpeech_label_000749.txt
KsponSpeech_000750.pcm,KsponSpeech_label_000750.txt
KsponSpeech_000751.pcm,KsponSpeech_label_000751.txt
KsponSpeech_000752.pcm,KsponSpeech_label_000752.txt
KsponSpeech_000753.pcm,KsponSpeech_label_000753.txt
KsponSpeech_000754.pcm,KsponSpeech_label_000754.txt
KsponSpeech_000755.pcm,KsponSpeech_label_000755.txt
KsponSpeech_000756.pcm,KsponSpeech_label_000756.txt
KsponSpeech_000757.pcm,KsponSpeech_label_000757.txt
KsponSpeech_000758.pcm,KsponSpeech_label_000758.txt
KsponSpeech_000759.pcm,KsponSpeech_label_000759.txt
KsponSpeech_000760.pcm,KsponSpeech_label_000760.txt
KsponSpeech_000761.pcm,KsponSpeech_label_000761.txt
KsponSpeech_000762.pcm,KsponSpeech_label_000762.txt
KsponSpeech_000763.pcm,KsponSpeech_label_000763.txt
KsponSpeech_000764.pcm,KsponSpeech_label_000764.txt
KsponSpeech_000765.pcm,KsponSpeech_label_000765.txt
KsponSpeech_000766.pcm,KsponSpeech_label_000766.txt
KsponSpeech_000767.pcm,KsponSpeech_label_000767.txt
KsponSpeech_000768.pcm,KsponSpeech_label_000768.txt
KsponSpeech_000769.pcm,KsponSpeech_label_000769.txt
KsponSpeech_000770.pcm,KsponSpeech_label_000770.txt
KsponSpeech_000771.pcm,KsponSpeech_label_000771.txt
KsponSpeech_000772.pcm,KsponSpeech_label_000772.txt
KsponSpeech_000773.pcm,KsponSpeech_label_000773.txt
KsponSpeech_000774.pcm,KsponSpeech_label_000774.txt
KsponSpeech_000775.pcm,KsponSpeech_label_000775.txt
KsponSpeech_000776.pcm,KsponSpeech_label_000776.txt
KsponSpeech_000777.pcm,KsponSpeech_label_000777.txt
KsponSpeech_000778.pcm,KsponSpeech_label_000778.txt
KsponSpeech_000779.pcm,KsponSpeech_label_000779.txt
KsponSpeech_000780.pcm,KsponSpeech_label_000780.txt
KsponSpeech_000781.pcm,KsponSpeech_label_000781.txt
KsponSpeech_000782.pcm,KsponSpeech_label_000782.txt
KsponSpeech_000783.pcm,KsponSpeech_label_000783.txt
KsponSpeech_000784.pcm,KsponSpeech_label_000784.txt
KsponSpeech_000785.pcm,KsponSpeech_label_000785.txt
KsponSpeech_000786.pcm,KsponSpeech_label_000786.txt
KsponSpeech_000787.pcm,KsponSpeech_label_000787.txt
KsponSpeech_000788.pcm,KsponSpeech_label_000788.txt
KsponSpeech_000789.pcm,KsponSpeech_label_000789.txt
KsponSpeech_000790.pcm,KsponSpeech_label_000790.txt
KsponSpeech_000791.pcm,KsponSpeech_label_000791.txt
KsponSpeech_000792.pcm,KsponSpeech_label_000792.txt
KsponSpeech_000793.pcm,KsponSpeech_label_000793.txt
KsponSpeech_000794.pcm,KsponSpeech_label_000794.txt
KsponSpeech_000795.pcm,KsponSpeech_label_000795.txt
KsponSpeech_000796.pcm,KsponSpeech_label_000796.txt
KsponSpeech_000797.pcm,KsponSpeech_label_000797.txt
KsponSpeech_000798.pcm,KsponSpeech_label_000798.txt
KsponSpeech_000799.pcm,KsponSpeech_label_000799.txt
KsponSpeech_000800.pcm,KsponSpeech_label_000800.txt
KsponSpeech_000801.pcm,KsponSpeech_label_000801.txt
KsponSpeech_000802.pcm,KsponSpeech_label_000802.txt
KsponSpeech_000803.pcm,KsponSpeech_label_000803.txt
KsponSpeech_000804.pcm,KsponSpeech_label_000804.txt
KsponSpeech_000805.pcm,KsponSpeech_label_000805.txt
KsponSpeech_000806.pcm,KsponSpeech_label_000806.txt
KsponSpeech_000807.pcm,KsponSpeech_label_000807.txt
KsponSpeech_000808.pcm,KsponSpeech_label_000808.txt
KsponSpeech_000809.pcm,KsponSpeech_label_000809.txt
KsponSpeech_000810.pcm,KsponSpeech_label_000810.txt
KsponSpeech_000811.pcm,KsponSpeech_label_000811.txt
KsponSpeech_000812.pcm,KsponSpeech_label_000812.txt
KsponSpeech_000813.pcm,KsponSpeech_label_000813.txt
KsponSpeech_000814.pcm,KsponSpeech_label_000814.txt
KsponSpeech_000815.pcm,KsponSpeech_label_000815.txt
KsponSpeech_000816.pcm,KsponSpeech_label_000816.txt
KsponSpeech_000817.pcm,KsponSpeech_label_000817.txt
KsponSpeech_000818.pcm,KsponSpeech_label_000818.txt
KsponSpeech_000819.pcm,KsponSpeech_label_000819.txt
KsponSpeech_000820.pcm,KsponSpeech_label_000820.txt
KsponSpeech_000821.pcm,KsponSpeech_label_000821.txt
KsponSpeech_000822.pcm,KsponSpeech_label_000822.txt
KsponSpeech_000823.pcm,KsponSpeech_label_000823.txt
KsponSpeech_000824.pcm,KsponSpeech_label_000824.txt
KsponSpeech_000825.pcm,KsponSpeech_label_000825.txt
KsponSpeech_000826.pcm,KsponSpeech_label_000826.txt
KsponSpeech_000827.pcm,KsponSpeech_label_000827.txt
KsponSpeech_000828.pcm,KsponSpeech_label_000828.txt
KsponSpeech_000829.pcm,KsponSpeech_label_000829.txt
KsponSpeech_000830.pcm,KsponSpeech_label_000830.txt
KsponSpeech_000831.pcm,KsponSpeech_label_000831.txt
KsponSpeech_000832.pcm,KsponSpeech_label_000832.txt
KsponSpeech_000833.pcm,KsponSpeech_label_000833.txt
KsponSpeech_000834.pcm,KsponSpeech_label_000834.txt
KsponSpeech_000835.pcm,KsponSpeech_label_000835.txt
KsponSpeech_000836.pcm,KsponSpeech_label_000836.txt
KsponSpeech_000837.pcm,KsponSpeech_label_000837.txt
KsponSpeech_000838.pcm,KsponSpeech_label_000838.txt
KsponSpeech_000839.pcm,KsponSpeech_label_000839.txt
KsponSpeech_000840.pcm,KsponSpeech_label_000840.txt
KsponSpeech_000841.pcm,KsponSpeech_label_000841.txt
KsponSpeech_000842.pcm,KsponSpeech_label_000842.txt
KsponSpeech_000843.pcm,KsponSpeech_label_000843.txt
KsponSpeech_000844.pcm,KsponSpeech_label_000844.txt
KsponSpeech_000845.pcm,KsponSpeech_label_000845.txt
KsponSpeech_000846.pcm,KsponSpeech_label_000846.txt
KsponSpeech_000847.pcm,KsponSpeech_label_000847.txt
KsponSpeech_000848.pcm,KsponSpeech_label_000848.txt
KsponSpeech_000849.pcm,KsponSpeech_label_000849.txt
KsponSpeech_000850.pcm,KsponSpeech_label_000850.txt
KsponSpeech_000851.pcm,KsponSpeech_label_000851.txt
KsponSpeech_000852.pcm,KsponSpeech_label_000852.txt
KsponSpeech_000853.pcm,KsponSpeech_label_000853.txt
KsponSpeech_000854.pcm,KsponSpeech_label_000854.txt
KsponSpeech_000855.pcm,KsponSpeech_label_000855.txt
KsponSpeech_000856.pcm,KsponSpeech_label_000856.txt
KsponSpeech_000857.pcm,KsponSpeech_label_000857.txt
KsponSpeech_000858.pcm,KsponSpeech_label_000858.txt
KsponSpeech_000859.pcm,KsponSpeech_label_000859.txt
KsponSpeech_000860.pcm,KsponSpeech_label_000860.txt
KsponSpeech_000861.pcm,KsponSpeech_label_000861.txt
KsponSpeech_000862.pcm,KsponSpeech_label_000862.txt
KsponSpeech_000863.pcm,KsponSpeech_label_000863.txt
KsponSpeech_000864.pcm,KsponSpeech_label_000864.txt
KsponSpeech_000865.pcm,KsponSpeech_label_000865.txt
KsponSpeech_000866.pcm,KsponSpeech_label_000866.txt
KsponSpeech_000867.pcm,KsponSpeech_label_000867.txt
KsponSpeech_000868.pcm,KsponSpeech_label_000868.txt
KsponSpeech_000869.pcm,KsponSpeech_label_000869.txt
KsponSpeech_000870.pcm,KsponSpeech_label_000870.txt
KsponSpeech_000871.pcm,KsponSpeech_label_000871.txt
KsponSpeech_000872.pcm,KsponSpeech_label_000872.txt
KsponSpeech_000873.pcm,KsponSpeech_label_000873.txt
KsponSpeech_000874.pcm,KsponSpeech_label_000874.txt
KsponSpeech_000875.pcm,KsponSpeech_label_000875.txt
KsponSpeech_000876.pcm,KsponSpeech_label_000876.txt
KsponSpeech_000877.pcm,KsponSpeech_label_000877.txt
KsponSpeech_000878.pcm,KsponSpeech_label_000878.txt
KsponSpeech_000879.pcm,KsponSpeech_label_000879.txt
KsponSpeech_000880.pcm,KsponSpeech_label_000880.txt
KsponSpeech_000881.pcm,KsponSpeech_label_000881.txt
KsponSpeech_000882.pcm,KsponSpeech_label_000882.txt
KsponSpeech_000883.pcm,KsponSpeech_label_000883.txt
KsponSpeech_000884.pcm,KsponSpeech_label_000884.txt
KsponSpeech_000885.pcm,KsponSpeech_label_000885.txt
KsponSpeech_000886.pcm,KsponSpeech_label_000886.txt
KsponSpeech_000887.pcm,KsponSpeech_label_000887.txt
KsponSpeech_000888.pcm,KsponSpeech_label_000888.txt
KsponSpeech_000889.pcm,KsponSpeech_label_000889.txt
KsponSpeech_000890.pcm,KsponSpeech_label_000890.txt
KsponSpeech_000891.pcm,KsponSpeech_label_000891.txt
KsponSpeech_000892.pcm,KsponSpeech_label_000892.txt
KsponSpeech_000893.pcm,KsponSpeech_label_000893.txt
KsponSpeech_000894.pcm,KsponSpeech_label_000894.txt
KsponSpeech_000895.pcm,KsponSpeech_label_000895.txt
KsponSpeech_000896.pcm,KsponSpeech_label_000896.txt
KsponSpeech_000897.pcm,KsponSpeech_label_000897.txt
KsponSpeech_000898.pcm,KsponSpeech_label_000898.txt
KsponSpeech_000899.pcm,KsponSpeech_label_000899.txt
KsponSpeech_000900.pcm,KsponSpeech_label_000900.txt
KsponSpeech_000901.pcm,KsponSpeech_label_000901.txt
KsponSpeech_000902.pcm,KsponSpeech_label_000902.txt
KsponSpeech_000903.pcm,KsponSpeech_label_000903.txt
KsponSpeech_000904.pcm,KsponSpeech_label_000904.txt
KsponSpeech_000905.pcm,KsponSpeech_label_000905.txt
KsponSpeech_000906.pcm,KsponSpeech_label_000906.txt
KsponSpeech_000907.pcm,KsponSpeech_label_000907.txt
KsponSpeech_000908.pcm,KsponSpeech_label_000908.txt
KsponSpeech_000909.pcm,KsponSpeech_label_000909.txt
KsponSpeech_000910.pcm,KsponSpeech_label_000910.txt
KsponSpeech_000911.pcm,KsponSpeech_label_000911.txt
KsponSpeech_000912.pcm,KsponSpeech_label_000912.txt
KsponSpeech_000913.pcm,KsponSpeech_label_000913.txt
KsponSpeech_000914.pcm,KsponSpeech_label_000914.txt
KsponSpeech_000915.pcm,KsponSpeech_label_000915.txt
KsponSpeech_000916.pcm,KsponSpeech_label_000916.txt
KsponSpeech_000917.pcm,KsponSpeech_label_000917.txt
KsponSpeech_000918.pcm,KsponSpeech_label_000918.txt
KsponSpeech_000919.pcm,KsponSpeech_label_000919.txt
KsponSpeech_000920.pcm,KsponSpeech_label_000920.txt
KsponSpeech_000921.pcm,KsponSpeech_label_000921.txt
KsponSpeech_000922.pcm,KsponSpeech_label_000922.txt
KsponSpeech_000923.pcm,KsponSpeech_label_000923.txt
KsponSpeech_000924.pcm,KsponSpeech_label_000924.txt
KsponSpeech_000925.pcm,KsponSpeech_label_000925.txt
KsponSpeech_000926.pcm,KsponSpeech_label_000926.txt
KsponSpeech_000927.pcm,KsponSpeech_label_000927.txt
KsponSpeech_000928.pcm,KsponSpeech_label_000928.txt
KsponSpeech_000929.pcm,KsponSpeech_label_000929.txt
KsponSpeech_000930.pcm,KsponSpeech_label_000930.txt
KsponSpeech_000931.pcm,KsponSpeech_label_000931.txt
KsponSpeech_000932.pcm,KsponSpeech_label_000932.txt
KsponSpeech_000933.pcm,KsponSpeech_label_000933.txt
KsponSpeech_000934.pcm,KsponSpeech_label_000934.txt
KsponSpeech_000935.pcm,KsponSpeech_label_000935.txt
KsponSpeech_000936.pcm,KsponSpeech_label_000936.txt
KsponSpeech_000937.pcm,KsponSpeech_label_000937.txt
KsponSpeech_000938.pcm,KsponSpeech_label_000938.txt
KsponSpeech_000939.pcm,KsponSpeech_label_000939.txt
KsponSpeech_000940.pcm,KsponSpeech_label_000940.txt
KsponSpeech_000941.pcm,KsponSpeech_label_000941.txt
KsponSpeech_000942.pcm,KsponSpeech_label_000942.txt
KsponSpeech_000943.pcm,KsponSpeech_label_000943.txt
KsponSpeech_000944.pcm,KsponSpeech_label_000944.txt
KsponSpeech_000945.pcm,KsponSpeech_label_000945.txt
KsponSpeech_000946.pcm,KsponSpeech_label_000946.txt
KsponSpeech_000947.pcm,KsponSpeech_label_000947.txt
KsponSpeech_000948.pcm,KsponSpeech_label_000948.txt
KsponSpeech_000949.pcm,KsponSpeech_label_000949.txt
KsponSpeech_000950.pcm,KsponSpeech_label_000950.txt
KsponSpeech_000951.pcm,KsponSpeech_label_000951.txt
KsponSpeech_000952.pcm,KsponSpeech_label_000952.txt
KsponSpeech_000953.pcm,KsponSpeech_label_000953.txt
KsponSpeech_000954.pcm,KsponSpeech_label_000954.txt
KsponSpeech_000955.pcm,KsponSpeech_label_000955.txt
KsponSpeech_000956.pcm,KsponSpeech_label_000956.txt
KsponSpeech_000957.pcm,KsponSpeech_label_000957.txt
KsponSpeech_000958.pcm,KsponSpeech_label_000958.txt
KsponSpeech_000959.pcm,KsponSpeech_label_000959.txt
KsponSpeech_000960.pcm,KsponSpeech_label_000960.txt
KsponSpeech_000961.pcm,KsponSpeech_label_000961.txt
KsponSpeech_000962.pcm,KsponSpeech_label_000962.txt
KsponSpeech_000963.pcm,KsponSpeech_label_000963.txt
KsponSpeech_000964.pcm,KsponSpeech_label_000964.txt
KsponSpeech_000965.pcm,KsponSpeech_label_000965.txt
KsponSpeech_000966.pcm,KsponSpeech_label_000966.txt
KsponSpeech_000967.pcm,KsponSpeech_label_000967.txt
KsponSpeech_000968.pcm,KsponSpeech_label_000968.txt
KsponSpeech_000969.pcm,KsponSpeech_label_000969.txt
KsponSpeech_000970.pcm,KsponSpeech_label_000970.txt
KsponSpeech_000971.pcm,KsponSpeech_label_000971.txt
KsponSpeech_000972.pcm,KsponSpeech_label_000972.txt
KsponSpeech_000973.pcm,KsponSpeech_label_000973.txt
KsponSpeech_000974.pcm,KsponSpeech_label_000974.txt
KsponSpeech_000975.pcm,KsponSpeech_label_000975.txt
KsponSpeech_000976.pcm,KsponSpeech_label_000976.txt
KsponSpeech_000977.pcm,KsponSpeech_label_000977.txt
KsponSpeech_000978.pcm,KsponSpeech_label_000978.txt
KsponSpeech_000979.pcm,KsponSpeech_label_000979.txt
KsponSpeech_000980.pcm,KsponSpeech_label_000980.txt
KsponSpeech_000981.pcm,KsponSpeech_label_000981.txt
KsponSpeech_000982.pcm,KsponSpeech_label_000982.txt
KsponSpeech_000983.pcm,KsponSpeech_label_000983.txt
KsponSpeech_000984.pcm,KsponSpeech_label_000984.txt
KsponSpeech_000985.pcm,KsponSpeech_label_000985.txt
KsponSpeech_000986.pcm,KsponSpeech_label_000986.txt
KsponSpeech_000987.pcm,KsponSpeech_label_000987.txt
KsponSpeech_000988.pcm,KsponSpeech_label_000988.txt
KsponSpeech_000989.pcm,KsponSpeech_label_000989.txt
KsponSpeech_000990.pcm,KsponSpeech_label_000990.txt
KsponSpeech_000991.pcm,KsponSpeech_label_000991.txt
KsponSpeech_000992.pcm,KsponSpeech_label_000992.txt
KsponSpeech_000993.pcm,KsponSpeech_label_000993.txt
KsponSpeech_000994.pcm,KsponSpeech_label_000994.txt
KsponSpeech_000995.pcm,KsponSpeech_label_000995.txt
KsponSpeech_000996.pcm,KsponSpeech_label_000996.txt
KsponSpeech_000997.pcm,KsponSpeech_label_000997.txt
KsponSpeech_000998.pcm,KsponSpeech_label_000998.txt
KsponSpeech_000999.pcm,KsponSpeech_label_000999.txt
KsponSpeech_001000.pcm,KsponSpeech_label_001000.txt
